{"chunk_definitions":[{"row":11,"row_count":1,"visible":true,"expansion_state":0,"options":{"engine":"r","label":"setup","include":false},"document_id":"67DAE540","chunk_id":"csetup_chunk","chunk_label":"setup"},{"row":22,"row_count":1,"visible":true,"expansion_state":0,"options":{"engine":"r","label":"unnamed-chunk-1"},"document_id":"67DAE540","chunk_id":"c44t8zmyzmldy","chunk_label":"unnamed-chunk-1"},{"row":30,"row_count":1,"visible":true,"expansion_state":0,"options":{"engine":"r","label":"unnamed-chunk-2"},"document_id":"67DAE540","chunk_id":"cu5zuckajv2w9","chunk_label":"unnamed-chunk-2"},{"row":39,"row_count":1,"visible":true,"expansion_state":0,"options":{"engine":"r","label":"unnamed-chunk-3"},"document_id":"67DAE540","chunk_id":"caxi3qrep88ax","chunk_label":"unnamed-chunk-3"},{"row":46,"row_count":1,"visible":true,"expansion_state":0,"options":{"engine":"r","label":"unnamed-chunk-4"},"document_id":"67DAE540","chunk_id":"cwtcgsdsb7lz1","chunk_label":"unnamed-chunk-4"},{"row":55,"row_count":1,"visible":true,"expansion_state":0,"options":{"engine":"r","label":"unnamed-chunk-5"},"document_id":"67DAE540","chunk_id":"cfdr85a77a7yn","chunk_label":"unnamed-chunk-5"},{"row":61,"row_count":1,"visible":true,"expansion_state":0,"options":{"engine":"r","label":"unnamed-chunk-6"},"document_id":"67DAE540","chunk_id":"cu1eym2nkm1nx","chunk_label":"unnamed-chunk-6"},{"row":68,"row_count":1,"visible":true,"expansion_state":0,"options":{"engine":"r","label":"unnamed-chunk-7"},"document_id":"67DAE540","chunk_id":"cwnni9p1m1m7o","chunk_label":"unnamed-chunk-7"},{"row":78,"row_count":1,"visible":true,"expansion_state":0,"options":{"engine":"r","label":"unnamed-chunk-8"},"document_id":"67DAE540","chunk_id":"clwc9hqwq0mki","chunk_label":"unnamed-chunk-8"},{"row":88,"row_count":1,"visible":true,"expansion_state":0,"options":{"engine":"r","label":"unnamed-chunk-1"},"document_id":"67DAE540","chunk_id":"cz1jm9yyzt8tj","chunk_label":"unnamed-chunk-9"},{"row":94,"row_count":1,"visible":true,"expansion_state":0,"options":{"engine":"r","label":"unnamed-chunk-2"},"document_id":"67DAE540","chunk_id":"c7kf6hrje6m0e","chunk_label":"unnamed-chunk-10"},{"row":102,"row_count":1,"visible":true,"expansion_state":0,"options":{"engine":"r","label":"unnamed-chunk-9"},"document_id":"67DAE540","chunk_id":"clxkz0npa3yyg","chunk_label":"unnamed-chunk-11"},{"row":111,"row_count":1,"visible":true,"expansion_state":0,"options":{"engine":"r","label":"unnamed-chunk-11"},"document_id":"67DAE540","chunk_id":"c1tnmbaksrdf2","chunk_label":"unnamed-chunk-12"},{"row":120,"row_count":1,"visible":true,"expansion_state":0,"options":{"engine":"r","label":"unnamed-chunk-13"},"document_id":"67DAE540","chunk_id":"cya43q6vovkob","chunk_label":"unnamed-chunk-13"},{"row":128,"row_count":1,"visible":true,"expansion_state":0,"options":{"engine":"r","label":"unnamed-chunk-1"},"document_id":"67DAE540","chunk_id":"c9j9erg1jc4po","chunk_label":"unnamed-chunk-14"},{"row":137,"row_count":1,"visible":true,"expansion_state":0,"options":{"engine":"r","label":"unnamed-chunk-2"},"document_id":"67DAE540","chunk_id":"cweag2g0c6heh","chunk_label":"unnamed-chunk-15"},{"row":150,"row_count":1,"visible":true,"expansion_state":0,"options":{"engine":"r","label":"unnamed-chunk-3"},"document_id":"67DAE540","chunk_id":"cgmihq493i5wf","chunk_label":"unnamed-chunk-16"},{"row":165,"row_count":1,"visible":true,"expansion_state":0,"options":{"engine":"r","label":"unnamed-chunk-5"},"document_id":"67DAE540","chunk_id":"ciivml4vxw1nc","chunk_label":"unnamed-chunk-17"},{"row":178,"row_count":1,"visible":true,"expansion_state":0,"options":{"engine":"r","label":"unnamed-chunk-7"},"document_id":"67DAE540","chunk_id":"c12dyj6kcgcaa","chunk_label":"unnamed-chunk-18"},{"row":188,"row_count":1,"visible":true,"expansion_state":0,"options":{"engine":"r","label":"unnamed-chunk-9"},"document_id":"67DAE540","chunk_id":"c7rgh9w4ojty3","chunk_label":"unnamed-chunk-19"}],"doc_write_time":1633348533,"working_dir":null,"default_chunk_options":{"echo":true}}