{"Sepal.Length":4.91333,"Sepal.Width":3.34667,"Petal.Length":1.42,"Petal.Width":0.2}
{"Sepal.Length":5.14,"Sepal.Width":3.55333,"Petal.Length":1.52667,"Petal.Width":0.29333}
{"Sepal.Length":4.98,"Sepal.Width":3.39333,"Petal.Length":1.44,"Petal.Width":0.25333}
{"Sepal.Length":5.72,"Sepal.Width":3.04667,"Petal.Length":3.4,"Petal.Width":0.99333}
{"Sepal.Length":5.95333,"Sepal.Width":2.71333,"Petal.Length":4.27333,"Petal.Width":1.32}
{"Sepal.Length":6.00667,"Sepal.Width":2.78667,"Petal.Length":4.32667,"Petal.Width":1.36}
{"Sepal.Length":5.89333,"Sepal.Width":2.81333,"Petal.Length":4.58,"Petal.Width":1.52}
{"Sepal.Length":6.61333,"Sepal.Width":2.9,"Petal.Length":5.64667,"Petal.Width":2.02667}
{"Sepal.Length":6.69333,"Sepal.Width":2.96,"Petal.Length":5.58667,"Petal.Width":1.88667}
{"Sepal.Length":6.52,"Sepal.Width":3.06,"Petal.Length":5.38,"Petal.Width":2.14}
