{"chunk_definitions":[{"row":8,"row_count":1,"visible":true,"expansion_state":0,"options":{"engine":"r","label":"setup","include":false},"document_id":"DBFBA8B6","chunk_id":"csetup_chunk","chunk_label":"setup"},{"row":15,"row_count":1,"visible":true,"expansion_state":0,"options":{"engine":"r","label":"unnamed-chunk-2"},"document_id":"DBFBA8B6","chunk_id":"c8a6m8bakdf8l","chunk_label":"unnamed-chunk-1"},{"row":28,"row_count":1,"visible":true,"expansion_state":0,"options":{"engine":"r","label":"unnamed-chunk-33"},"document_id":"DBFBA8B6","chunk_id":"cgxatqu7l78ow","chunk_label":"unnamed-chunk-2"},{"row":32,"row_count":1,"visible":true,"expansion_state":0,"options":{"engine":"r","label":"unnamed-chunk-7"},"document_id":"DBFBA8B6","chunk_id":"cdbfd2cweerg4","chunk_label":"unnamed-chunk-3"},{"row":35,"row_count":1,"visible":true,"expansion_state":0,"options":{"engine":"r","label":"unnamed-chunk-8"},"document_id":"DBFBA8B6","chunk_id":"ci0tc312y8q06","chunk_label":"unnamed-chunk-4"},{"row":43,"row_count":1,"visible":true,"expansion_state":0,"options":{"engine":"sql","connection":"con","output.var":"df","label":"unnamed-chunk-10"},"document_id":"DBFBA8B6","chunk_id":"cq0je7661dma5","chunk_label":"unnamed-chunk-5"},{"row":47,"row_count":1,"visible":true,"expansion_state":0,"options":{"engine":"r","label":"unnamed-chunk-11"},"document_id":"DBFBA8B6","chunk_id":"cjcq6s0l1fq85","chunk_label":"unnamed-chunk-6"},{"row":56,"row_count":1,"visible":true,"expansion_state":0,"options":{"engine":"r","label":"unnamed-chunk-13"},"document_id":"DBFBA8B6","chunk_id":"cad9rimkhqz49","chunk_label":"unnamed-chunk-7"},{"row":63,"row_count":1,"visible":true,"expansion_state":0,"options":{"engine":"sql","connection":"con","label":"unnamed-chunk-15"},"document_id":"DBFBA8B6","chunk_id":"co3bmnzs41awi","chunk_label":"unnamed-chunk-8"},{"row":73,"row_count":1,"visible":true,"expansion_state":0,"options":{"engine":"sql","connection":"con","label":"unnamed-chunk-17"},"document_id":"DBFBA8B6","chunk_id":"cf766m1ptp938","chunk_label":"unnamed-chunk-9"},{"row":88,"row_count":1,"visible":true,"expansion_state":0,"options":{"engine":"sql","connection":"con","label":"unnamed-chunk-25"},"document_id":"DBFBA8B6","chunk_id":"c7hkh6f1h61ri","chunk_label":"unnamed-chunk-10"},{"row":102,"row_count":1,"visible":true,"expansion_state":0,"options":{"engine":"sql","connection":"con","label":"unnamed-chunk-30"},"document_id":"DBFBA8B6","chunk_id":"czouol0vd568j","chunk_label":"unnamed-chunk-11"},{"row":111,"row_count":1,"visible":true,"expansion_state":0,"options":{"engine":"sql","connection":"con","label":"unnamed-chunk-34"},"document_id":"DBFBA8B6","chunk_id":"cvjgw8dvhvc1d","chunk_label":"unnamed-chunk-12"},{"row":119,"row_count":1,"visible":true,"expansion_state":0,"options":{"engine":"r","label":"unnamed-chunk-31"},"document_id":"DBFBA8B6","chunk_id":"cn4rafftpyr11","chunk_label":"unnamed-chunk-13"}],"doc_write_time":1633359999,"working_dir":null,"default_chunk_options":{"echo":true}}