{"chunk_definitions":[{"row":12,"row_count":1,"visible":true,"expansion_state":0,"options":{"engine":"r","label":"setup","include":false},"document_id":"5B5E34F4","chunk_id":"csetup_chunk","chunk_label":"setup"},{"row":43,"row_count":1,"visible":true,"expansion_state":0,"options":{"engine":"r","label":"unnamed-chunk-42"},"document_id":"5B5E34F4","chunk_id":"cele8nxfs7w2h","chunk_label":"unnamed-chunk-2"},{"row":50,"row_count":1,"visible":true,"expansion_state":0,"options":{"engine":"r","label":"unnamed-chunk-23"},"document_id":"5B5E34F4","chunk_id":"cvc0j64relgq6","chunk_label":"unnamed-chunk-3"},{"row":54,"row_count":1,"visible":true,"expansion_state":0,"options":{"engine":"r","label":"unnamed-chunk-26"},"document_id":"5B5E34F4","chunk_id":"ctcc8l6ibzkpo","chunk_label":"unnamed-chunk-4"},{"row":65,"row_count":1,"visible":true,"expansion_state":0,"options":{"engine":"r","eval":false,"label":"unnamed-chunk-27"},"document_id":"5B5E34F4","chunk_id":"cxvc5ufd7y107","chunk_label":"unnamed-chunk-5"},{"row":95,"row_count":1,"visible":true,"expansion_state":0,"options":{"engine":"r","label":"unnamed-chunk-44"},"document_id":"5B5E34F4","chunk_id":"c4pmm6orcyg0j","chunk_label":"unnamed-chunk-8"},{"row":98,"row_count":1,"visible":true,"expansion_state":0,"options":{"engine":"r","label":"unnamed-chunk-46"},"document_id":"5B5E34F4","chunk_id":"c7meert6v6t0l","chunk_label":"unnamed-chunk-9"},{"row":114,"row_count":1,"visible":true,"expansion_state":0,"options":{"engine":"r","label":"unnamed-chunk-47"},"document_id":"5B5E34F4","chunk_id":"c9nr53qx68xmc","chunk_label":"unnamed-chunk-10"}],"doc_write_time":1633426523,"working_dir":null,"default_chunk_options":{"echo":true}}