{"chunk_definitions":[{"row":12,"row_count":1,"visible":true,"expansion_state":0,"options":{"engine":"r","label":"setup","include":false},"document_id":"5B5E34F4","chunk_id":"csetup_chunk","chunk_label":"setup"},{"row":23,"row_count":1,"visible":true,"expansion_state":0,"options":{"engine":"r","label":"unnamed-chunk-12"},"document_id":"5B5E34F4","chunk_id":"c71ce40ejqhcx","chunk_label":"unnamed-chunk-1"},{"row":43,"row_count":1,"visible":true,"expansion_state":0,"options":{"engine":"r","label":"unnamed-chunk-13"},"document_id":"5B5E34F4","chunk_id":"cele8nxfs7w2h","chunk_label":"unnamed-chunk-2"},{"row":50,"row_count":1,"visible":true,"expansion_state":0,"options":{"engine":"r","label":"unnamed-chunk-14"},"document_id":"5B5E34F4","chunk_id":"cvc0j64relgq6","chunk_label":"unnamed-chunk-3"},{"row":54,"row_count":1,"visible":true,"expansion_state":0,"options":{"engine":"r","label":"unnamed-chunk-15"},"document_id":"5B5E34F4","chunk_id":"ctcc8l6ibzkpo","chunk_label":"unnamed-chunk-4"},{"row":65,"row_count":1,"visible":true,"expansion_state":0,"options":{"engine":"r","eval":false,"label":"unnamed-chunk-27"},"document_id":"5B5E34F4","chunk_id":"cxvc5ufd7y107","chunk_label":"unnamed-chunk-5"},{"row":70,"row_count":1,"visible":true,"expansion_state":0,"options":{"engine":"r","label":"unnamed-chunk-16"},"document_id":"5B5E34F4","chunk_id":"cqdylprvrglfm","chunk_label":"unnamed-chunk-6"},{"row":95,"row_count":1,"visible":true,"expansion_state":0,"options":{"engine":"r","label":"unnamed-chunk-17"},"document_id":"5B5E34F4","chunk_id":"c4pmm6orcyg0j","chunk_label":"unnamed-chunk-8"},{"row":98,"row_count":1,"visible":true,"expansion_state":0,"options":{"engine":"r","label":"unnamed-chunk-18"},"document_id":"5B5E34F4","chunk_id":"c7meert6v6t0l","chunk_label":"unnamed-chunk-9"},{"row":114,"row_count":1,"visible":true,"expansion_state":0,"options":{"engine":"r","label":"unnamed-chunk-19"},"document_id":"5B5E34F4","chunk_id":"c9nr53qx68xmc","chunk_label":"unnamed-chunk-10"},{"row":126,"row_count":1,"visible":true,"expansion_state":0,"options":{"engine":"r","label":"unnamed-chunk-20"},"document_id":"5B5E34F4","chunk_id":"cvgosj8qns27r","chunk_label":"unnamed-chunk-11"},{"row":133,"row_count":1,"visible":true,"expansion_state":0,"options":{"engine":"r","label":"unnamed-chunk-21"},"document_id":"5B5E34F4","chunk_id":"c5xv62wwfktpk","chunk_label":"unnamed-chunk-12"},{"row":147,"row_count":1,"visible":true,"expansion_state":0,"options":{"engine":"r","label":"unnamed-chunk-32"},"document_id":"5B5E34F4","chunk_id":"cr9wfbeynz547","chunk_label":"unnamed-chunk-13"},{"row":154,"row_count":1,"visible":true,"expansion_state":0,"options":{"engine":"r","label":"unnamed-chunk-33"},"document_id":"5B5E34F4","chunk_id":"ccmdu4ufyxy35","chunk_label":"unnamed-chunk-14"},{"row":165,"row_count":1,"visible":true,"expansion_state":0,"options":{"engine":"r","label":"unnamed-chunk-11"},"document_id":"5B5E34F4","chunk_id":"c5heoci3287qc","chunk_label":"unnamed-chunk-15"},{"row":171,"row_count":1,"visible":true,"expansion_state":0,"options":{"engine":"r","label":"unnamed-chunk-12"},"document_id":"5B5E34F4","chunk_id":"cm0zn4xoyc136","chunk_label":"unnamed-chunk-16"},{"row":179,"row_count":1,"visible":true,"expansion_state":0,"options":{"engine":"r","label":"unnamed-chunk-13"},"document_id":"5B5E34F4","chunk_id":"c4c92vho295pg","chunk_label":"unnamed-chunk-17"},{"row":183,"row_count":1,"visible":true,"expansion_state":0,"options":{"engine":"r","label":"unnamed-chunk-14"},"document_id":"5B5E34F4","chunk_id":"ctqoc829fc7xw","chunk_label":"unnamed-chunk-18"},{"row":192,"row_count":1,"visible":true,"expansion_state":0,"options":{"engine":"r","label":"unnamed-chunk-16"},"document_id":"5B5E34F4","chunk_id":"c55hyh78yao2g","chunk_label":"unnamed-chunk-19"},{"row":201,"row_count":1,"visible":true,"expansion_state":0,"options":{"engine":"r","label":"unnamed-chunk-17"},"document_id":"5B5E34F4","chunk_id":"cx06kvmo3fda4","chunk_label":"unnamed-chunk-20"}],"doc_write_time":1633440858,"working_dir":null,"default_chunk_options":{"echo":true}}