{"chunk_definitions":[{"row":9,"row_count":1,"visible":true,"expansion_state":0,"options":{"engine":"r","label":"unnamed-chunk-5"},"document_id":"56FA18DC","chunk_id":"ceh7hmp7uyq07","chunk_label":"unnamed-chunk-1"},{"row":13,"row_count":1,"visible":true,"expansion_state":0,"options":{"engine":"r","label":"unnamed-chunk-2"},"document_id":"56FA18DC","chunk_id":"cn7xj3qfb7ote","chunk_label":"unnamed-chunk-2"},{"row":18,"row_count":1,"visible":true,"expansion_state":0,"options":{"engine":"r","label":"unnamed-chunk-3"},"document_id":"56FA18DC","chunk_id":"cixef90d050lk","chunk_label":"unnamed-chunk-3"},{"row":23,"row_count":1,"visible":true,"expansion_state":0,"options":{"engine":"r","label":"unnamed-chunk-6"},"document_id":"56FA18DC","chunk_id":"c1kdzwmy38qql","chunk_label":"unnamed-chunk-4"},{"row":26,"row_count":1,"visible":true,"expansion_state":0,"options":{"engine":"r","label":"unnamed-chunk-7"},"document_id":"56FA18DC","chunk_id":"cmrkdckx16oiy","chunk_label":"unnamed-chunk-5"},{"row":30,"row_count":1,"visible":true,"expansion_state":0,"options":{"engine":"r","label":"unnamed-chunk-9"},"document_id":"56FA18DC","chunk_id":"cf7c6hegkkrty","chunk_label":"unnamed-chunk-6"},{"row":37,"row_count":1,"visible":true,"expansion_state":0,"options":{"engine":"r","label":"unnamed-chunk-10"},"document_id":"56FA18DC","chunk_id":"cy31f20vtvel4","chunk_label":"unnamed-chunk-7"}],"doc_write_time":8751164169839537162}